Name,Number,Email
Ashley Beard,9517921799,johndoe123@gmail.com
Nathanael Parrish,5602249874,alice.smith@email.com
Tiana Schultz,7534580476,michael.jones@outlook.com
Cody Cruz,6083977136,emilybrown@yahoo.com
Claire Villarreal,3737019412,robert.wilson@protonmail.com
Nikolai Stevens,4127112739,sarah.miller@icloud.com
Katherine Saunders,6036947595,david.clark@gmail.com
Kasen Norris,2644007841,laurajackson@hotmail.com
Arielle Michael,8186095320,kevinadams@live.com
Bronson Hodges,9253362057,olivia.green@ymail.com
Eve Blevins,6895278104,matthewharris@fastmail.com
Avi Clements,3478826498,isabellawood@rocketmail.com
Cara Reese,7369943150,ethanrobinson@zoho.com
Alijah Long,5021186239,amelia.carter@inbox.com
Jade Stewart,6895278104,jacobmartinez@mail.com
Nolan Trevino,3478826498,gracehall@tutanota.com
Priscilla Berger,7369943150,andrewyoung@protonmail.com
Byron Moreno,5021186239,nataliehill@outlook.com
Mary Ventura,6895278104,williamturner@yahoo.com
Branson Blevins,3478826498,chloewalker@icloud.com
